Prenom,Nom,Numéro,mail,ordreScol,Amphi,C
ANTHONY,Hoppe,22412285,anthony.hoppe@etu.univ-cotedazur.fr,5,Biologie,C-1-1,/home/denis/00_Universite/Boustrophedon_Mai_2025/ZZ_Version_finale/BOUS_structure/data/Donnees_Etudiants_Apogee_et_Moodle/Amphi_Biologie/1_png_out/C-1-1.png
YASSER,Hannana,22412133,yasser.hannana@etu.univ-cotedazur.fr,2,Biologie,C-1-5,/home/denis/00_Universite/Boustrophedon_Mai_2025/ZZ_Version_finale/BOUS_structure/data/Donnees_Etudiants_Apogee_et_Moodle/Amphi_Biologie/1_png_out/C-1-5.png
AMBRYNE,Hamoumi,22410380,ambryne.hamoumi@etu.univ-cotedazur.fr,1,Biologie,C-10-5,/home/denis/00_Universite/Boustrophedon_Mai_2025/ZZ_Version_finale/BOUS_structure/data/Donnees_Etudiants_Apogee_et_Moodle/Amphi_Biologie/1_png_out/C-10-5.png
FAMINA,Hassani,22409869,famina.hassani@etu.univ-cotedazur.fr,3,Biologie,C-10-4,/home/denis/00_Universite/Boustrophedon_Mai_2025/ZZ_Version_finale/BOUS_structure/data/Donnees_Etudiants_Apogee_et_Moodle/Amphi_Biologie/1_png_out/C-10-4.png
ALEXANDRE,Ilic,22411631,alexandre.ilic@etu.univ-cotedazur.fr,7,Biologie,C-10-3,/home/denis/00_Universite/Boustrophedon_Mai_2025/ZZ_Version_finale/BOUS_structure/data/Donnees_Etudiants_Apogee_et_Moodle/Amphi_Biologie/1_png_out/C-10-3.png
MELVIN,Huynh,22408310,melvin.huynh@etu.univ-cotedazur.fr,6,Biologie,C-10-2,/home/denis/00_Universite/Boustrophedon_Mai_2025/ZZ_Version_finale/BOUS_structure/data/Donnees_Etudiants_Apogee_et_Moodle/Amphi_Biologie/1_png_out/C-10-2.png
MIDOKPE LEUREK NELY,Heviefo,22411710,midokpe-leurek-nely.heviefo@etu.univ-cotedazur.fr,4,Biologie,C-10-1,/home/denis/00_Universite/Boustrophedon_Mai_2025/ZZ_Version_finale/BOUS_structure/data/Donnees_Etudiants_Apogee_et_Moodle/Amphi_Biologie/1_png_out/C-10-1.png
